{
    "customers": [
        { "id": "57a98d98e4b00679b4a830af",
	  "firstName": "Test",
	  "lastname": "Test",
	  "username": "testymctestface"
	}
    ],
    "cards": [
	{
	    "id": "57a98d98e4b00679b4a830ae",
	    "longNum": "23232*****2131",
	    "expires": "12/18",
	    "ccv": "940"
	}
    ],
    "addresses": [
	{
	    "id": "57a98d98e4b00679b4a830ad",
	    "number": "12",
	    "street": "Cleverstreet",
	    "city": "Tinytown",
	    "postcode": "1923eq",
	    "country": "Cambodia"
	}
    ]
}
